,viewed,time,liked,disliked,comments,posted,score
test,0,0,0,0,0,0,0.0
#test,3,88,0,2,1,1,24.333333333333332
#python,3,72,1,1,0,2,44.0
#vs-code,3,62,1,1,0,0,20.666666666666668
#programmieren,3,94,2,0,0,0,51.33333333333333
