{
    "0": {
        "name": null, 
        "mass": 1, 
        "position": [
            61.0207982670479, 
            60.79371527306856, 
            53.20020003653596
            ], 
        "velocity": [
            0.6185717094449661, 
            6.2698207298589095, 
            1.201244345706528
        ], 
        "acceleration": [
            2.8592634959602305, 
            6.205321720398852, 
            7.2859432451429464
        ], 
        "vector": [
            1.5856226867897927, 
            7.684098304537617, 
            2.6986343807200064
        ], 
        "size": [
            7.694516496977995, 
            5.753006557092647, 
            0.003206441940646343
        ], 
        "color": [
            248, 
            174, 
            35
        ], 
        "force": [
            1.1045034401149656,
            4.499209600509296,
            8.12840155583036
        ],
        "torque": [
            0.7829062039528112,
            6.222159486632296,
            4.481505693707829
        ],
        "angular_velocity": [
            1.70905107266341,
            6.885880996009122,
            1.6883514734488414
        ],
        "angular_acceleration": [
            9.514836815571575,
            6.835303838332455,
            2.613146435960505
        ],
        "angular_vector": [
            4.22236190211466,
            5.063172337586746,
            5.439638921356702
        ],
            "moment_of_inertia": 6.0401186385138095,
        "center_of_mass": [
            8.892224770567019,
            7.635152435079997,
            6.594382687512134
        ],
        "orientation": [
            0.184656885476836,
            2.998236621413378,
            6.099101715847705
        ],
        "angular_momentum": [
            6.300218349328879,
            8.26036348532966,
            2.3235156227194134
        ],
        "angular_impulse": [
            6.737772982597163,
            1.2982982766769702,
            6.9965001616047715
        ],
        "orientation_matrix": [
        [
            7.399373823234885,
            0.18895610013710762,
            9.696031596279258
        ],
        [
            5.623349928726129,
            1.5015661657664925,
            3.6914539126873134
        ],
        [
            9.823706410181627,
            6.314329073555813,
            1.5793868876697759
            ]
        ],
        "orientation_matrix_inverse": [
        [
            6.190211301640403,
            4.2955871495610065,
            8.191772418424355
        ],
        [
            7.7899356278736835,
            6.490038598416082,
            2.1936676843787826
            ], [7.532975028215989, 4.021154050525432, 3.851847185054127]], "id": 0}, "2": {"name": null, "mass": 32, "position": [0, 0, 0], "velocity": [1.1449745682657275, 4.066252620537915, 2.9702645916019366], "acceleration": [7.6565453208825485, 1.0960892298088187, 8.496123698741352], "vector": [7.747350676734096, 6.374212916313917, 7.713933869986026], "size": [0.5199333089440195, 2.1456114429222826, 6.550433461099496], "color": [91, 161, 2], "force": [3.188602608384091, 1.0380145159852283, 1.941176097127283], "torque": [4.0069139546564925, 8.966296969779789, 3.607297282181805], "angular_velocity": [2.652470209007489, 9.569708305041306, 3.0618759503049455], "angular_acceleration": [2.855499246813534, 6.2555210439328, 9.611781342324843], "angular_vector": [4.67143639264763, 6.069676688450727, 0.692568343327391], "moment_of_inertia": 7.245505337634528, "center_of_mass": [7.58870942600211, 8.888626596526771, 9.463145567774573], "orientation": [6.3543540555314255, 8.179906581878035, 1.8905213291808398], "angular_momentum": [6.336573118042168, 3.2567394982946283, 9.55317208334849], "angular_impulse": [9.468975937178884, 0.9569483284362035, 1.8223819822327658], "orientation_matrix": [[2.8738315889211483, 6.8865857021068555, 6.5021397653263255], [5.751490870702337, 8.532074243450603, 0.9239340678113883], [2.596230192732768, 5.927971141778902, 0.8158913395696388]], "orientation_matrix_inverse": [[9.484605092343072, 9.303173270282752, 7.709399939791078], [1.4129007411344707, 5.786530825934594, 4.78371636245333], [7.200588491378534, 2.8254031403124245, 9.256018881251412]], "id": 2}}