{
  "max_x": 100,
  "max_y": 100,
  "max_z": 100,
  "objects": {
    "0": {
      "name": null,
      "mass": 97,
      "position": [24.05776536506713, 81.4165183012803, 48.45254315089704],
      "velocity": [9.27576826938596, 4.399475775813164, 9.518126473938619],
      "acceleration": [
        3.314039260215705, 1.0781443401893398, 5.142176578887128
      ],
      "vector": [9.526705037156397, 7.986165270843694, 5.995035277313669],
      "size": [8.4653983726748, 7.6078787090451225, 1.3136284699122103],
      "color": [168, 89, 142],
      "force": [6.705647269419819, 6.875962006795861, 6.8850770647700665],
      "torque": [9.962862319643822, 8.22898567822122, 1.8149657060774305],
      "angular_velocity": [
        0.2843899218307555, 3.3681362020514136, 5.018634011717965
      ],
      "angular_acceleration": [
        5.796281698857677, 5.393899930050705, 6.317951250662624
      ],
      "angular_vector": [
        4.915256686776045, 8.503968209989871, 3.3044111812143164
      ],
      "moment_of_inertia": 4.772763890484885,
      "center_of_mass": [
        0.5773709465335186, 2.6648438508101946, 1.2653766052388171
      ],
      "orientation": [3.4099532385093365, 5.841996036927844, 4.508721274935686],
      "angular_momentum": [
        8.369982739588758, 3.273003940263477, 6.3186865758982
      ],
      "angular_impulse": [
        1.498256422767772, 8.774399337063398, 3.81516426393379
      ],
      "orientation_matrix": [
        [2.9834779963349334, 3.9544302752935256, 3.4256005787082913],
        [0.17300412023868228, 2.579905321647354, 7.420044070223641],
        [0.5731997751991014, 1.447775147388215, 4.333951933393742]
      ],
      "orientation_matrix_inverse": [
        [6.30760726280001, 3.364725793882731, 3.8219292916051852],
        [2.273409383112328, 0.6671219987181953, 8.83131990960284],
        [4.275442739493759, 2.027433641290628, 8.876989427689551]
      ],
      "id": 0
    },
    "2": {
      "name": null,
      "mass": 21,
      "position": [0, 0, 0],
      "velocity": [6.9209298988788195, 4.98651218686606, 7.316070377681008],
      "acceleration": [
        5.058809264715914, 7.252301916791277, 2.2462108131156757
      ],
      "vector": [8.114699594208792, 3.093964518313598, 2.15120866116038],
      "size": [6.002513256057753, 9.526840410211367, 0.6468380253404071],
      "color": [38, 210, 246],
      "force": [5.3117867956257845, 2.490116532115887, 6.96188078846098],
      "torque": [8.869798534509805, 7.426094126203573, 2.585826039815844],
      "angular_velocity": [
        8.616656735568604, 3.297717244268391, 3.35084426941385
      ],
      "angular_acceleration": [
        7.766691451854411, 0.8255190951689828, 9.455706793748943
      ],
      "angular_vector": [
        8.386710949905282, 6.110005611601146, 1.153567587284683
      ],
      "moment_of_inertia": 8.784815578876943,
      "center_of_mass": [
        0.3945361002860026, 4.147304851098847, 9.389590364326061
      ],
      "orientation": [8.30274572079356, 6.256508390526144, 3.7045608290466268],
      "angular_momentum": [
        2.126093490337845, 4.767662298074722, 0.23375690453346198
      ],
      "angular_impulse": [
        9.982130201292156, 2.9430243580750934, 9.02661180983033
      ],
      "orientation_matrix": [
        [9.280003270273955, 1.2494965649041412, 6.428831060604033],
        [8.639069272267054, 2.805205697380695, 0.9469090896356513],
        [2.317645393488581, 6.8516060311746685, 4.188207410158061]
      ],
      "orientation_matrix_inverse": [
        [7.106132622047893, 0.12173514987090739, 0.6446414963036229],
        [8.535087542185853, 3.4456588664168386, 3.2254404887979025],
        [3.2311772771031966, 9.277702267669781, 3.3276166295707754]
      ],
      "id": 2
    }
  }
}
