{"max_x": 100, "max_y": 100, "max_z": 100, "objects": {"0": {"name": null, "mass": 57, "position": [62.717216230463904, 83.41170232742581, 2.0971014586154912], "velocity": [4.082013458504394, 0.18089222376612923, 9.709662318311882], "acceleration": [7.885232004341871, 8.027445315484803, 6.217953119606214], "vector": [2.1140865165984692, 1.2326257916459338, 6.542408366324689], "size": [8.90247510391536, 4.417545737655811, 8.13265171206115], "color": [205, 20, 24], "force": [6.223135849300435, 5.772371193400053, 7.840506075790556], "torque": [8.401524267878052, 3.6353726784757443, 7.172017647257835], "angular_velocity": [4.615969444188814, 3.6421282665051824, 2.632429119622437], "angular_acceleration": [5.57793248428071, 7.429302188442399, 1.5697470117366952], "angular_vector": [9.261725273578614, 1.8796970072394437, 4.4752298307482965], "moment_of_inertia": 1.89669482303636, "center_of_mass": [1.079445807311783, 0.8133953170371233, 3.3290918067352573], "orientation": [2.480959682521775, 2.9590754839816205, 4.371584498315004], "angular_momentum": [0.4354216390888821, 2.1680903714722213, 9.744773315115859], "angular_impulse": [7.445853066178254, 2.295172958592974, 0.6126364628621062], "orientation_matrix": [[6.120307701428932, 5.968767311945865, 9.151363660035512], [8.309627020374792, 7.506701923878505, 2.091589226146006], [2.5416903099232036, 0.028618054241714708, 0.9089847716066468]], "orientation_matrix_inverse": [[6.00443965504631, 4.503337503892793, 7.687971674892092], [1.7175448989734154, 2.276790514851937, 0.8841328453663], [9.230284280886302, 1.2927894130799222, 8.622755510367586]], "id": 0}, "2": {"name": null, "mass": 61, "position": [0, 0, 0], "velocity": [0.8657914169078451, 1.2815516417535555, 4.815081980245063], "acceleration": [7.029530715230115, 9.422423739134508, 7.122900824460652], "vector": [5.860785906381284, 9.704068008500116, 4.313888196339615], "size": [3.527599726446249, 7.78631323533668, 6.298667310494928], "color": [153, 17, 185], "force": [2.07374233282017, 3.4088101409309868, 6.744899802751886], "torque": [1.0146905549413154, 6.341865498413053, 2.363406506803989], "angular_velocity": [6.56319470288932, 7.416600282063788, 7.649264162514363], "angular_acceleration": [6.409603406014028, 7.514875752020611, 7.355912647342185], "angular_vector": [2.154617437983318, 2.538846261264717, 7.619310455903831], "moment_of_inertia": 0.18244342607063757, "center_of_mass": [4.948089616461081, 4.363293622299831, 8.961246817694548], "orientation": [2.540446511248058, 2.454617069133321, 6.349018374729145], "angular_momentum": [4.952211194414247, 6.270331208643856, 7.903897748544847], "angular_impulse": [9.640619338106477, 6.354131878098775, 2.6961768621855606], "orientation_matrix": [[1.515571694919391, 6.386740690979629, 2.8764068710354196], [8.662795831542297, 9.349843376377773, 6.683838511485404], [8.707812453571771, 8.735954068671067, 9.75515502359102]], "orientation_matrix_inverse": [[7.266473486760248, 2.524393457575843, 3.970090910710896], [3.674849675952423, 0.4753239850500224, 5.97721873968654], [6.860885176585803, 4.0499731166271555, 1.312307926540619]], "id": 2}}}